"TARGET_FLAG_PRED","TARGET_AMT_PRED","TARGET_FLAG_PROB"
0,0,0.1382
0,0,0.2618
0,0,0.1178
0,0,0.2661
0,0,0.1548
0,0,0.1804
0,0,0.4093
0,0,0.3972
0,0,0.026
0,0,0.1411
0,0,0.0288
1,4479.986,0.5915
1,3974.8245,0.8672
0,0,0.1401
0,0,0.0458
1,4425.7023,0.6119
1,3641.281,0.6446
0,0,0.1923
1,3520.9905,0.581
0,0,0.4009
0,0,0.118
0,0,0.3763
0,0,0.0498
0,0,0.3956
0,0,0.3177
0,0,0.3858
0,0,0.4447
0,0,0.3393
0,0,0.0643
0,0,0.159
0,0,0.1112
0,0,0.4039
0,0,0.1
0,0,0.1835
0,0,0.1829
0,0,0.0569
0,0,0.2366
0,0,0.1511
0,0,0.1126
1,4221.5784,0.6094
0,0,0.3289
1,4266.2898,0.5552
0,0,0.0235
1,3958.6446,0.5681
0,0,0.0065
0,0,0.1904
0,0,0.0617
0,0,0.4551
0,0,0.015
1,3894.9342,0.6267
0,0,0.1799
0,0,0.3344
1,3824.6745,0.8241
0,0,0.0702
0,0,0.3005
0,0,0.2255
0,0,0.3747
0,0,0.4266
0,0,0.1021
1,3676.1831,0.559
0,0,0.0164
0,0,0.0534
0,0,0.3827
0,0,0.1215
0,0,0.0586
0,0,0.3834
1,3810.3551,0.7784
1,4692.9186,0.5965
0,0,0.2266
0,0,0.0573
0,0,0.0209
0,0,0.2106
1,3941.5829,0.6673
0,0,0.3633
1,3681.8246,0.7062
0,0,0.2398
0,0,0.3993
0,0,0.3097
0,0,0.1889
0,0,0.0606
1,3306.714,0.5313
0,0,0.4069
0,0,0.4119
0,0,0.0565
1,4094.8076,0.5062
1,4370.1604,0.5316
0,0,0.3078
0,0,0.278
0,0,0.0494
1,4085.8383,0.7054
0,0,0.0883
0,0,0.0779
0,0,0.0344
0,0,0.1038
0,0,0.0571
0,0,0.2052
0,0,0.0095
0,0,0.3321
0,0,0.3505
0,0,0.1613
0,0,0.3941
1,4299.8972,0.5936
1,3709.6984,0.6189
1,3883.9416,0.661
0,0,0.1255
0,0,0.1053
0,0,0.2036
0,0,0.0896
0,0,0.3984
0,0,0.2996
1,3750.6464,0.6425
0,0,0.0318
0,0,0.2256
0,0,0.2155
1,3827.1312,0.6362
0,0,0.0539
0,0,0.0147
1,4033.7438,0.6654
1,3151.4425,0.5225
0,0,0.1383
0,0,0.2336
1,3738.8821,0.8366
1,4076.7449,0.6196
0,0,0.4199
0,0,0.235
1,3512.8886,0.5234
0,0,0.3583
0,0,0.2544
0,0,0.2187
0,0,0.0935
0,0,0.0843
0,0,0.1328
0,0,0.1637
0,0,0.0694
0,0,0.1055
0,0,0.2756
1,4156.4326,0.7783
1,4176.7718,0.5961
0,0,0.0449
0,0,0.1033
0,0,0.056
1,3893.9143,0.7352
0,0,0.1531
0,0,0.1352
0,0,0.0693
1,4208.9068,0.6486
0,0,0.167
0,0,0.1633
0,0,0.3951
0,0,0.0241
1,4546.5233,0.6018
0,0,0.3116
1,4386.6957,0.7314
0,0,0.4194
0,0,0.2983
0,0,0.4664
0,0,0.0295
0,0,0.1319
0,0,0.4886
0,0,0.4998
0,0,0.2021
0,0,0.1419
0,0,0.2603
0,0,0.1286
1,4208.5962,0.5263
0,0,0.2891
0,0,0.0435
0,0,0.1157
0,0,0.3277
0,0,0.1481
0,0,0.1347
1,4494.7705,0.6542
0,0,0.1768
1,5582.3402,0.8587
0,0,0.2866
0,0,0.313
0,0,0.4717
1,3243.873,0.5885
1,4197.9505,0.7486
1,3630.7467,0.6532
1,3790.4336,0.5701
0,0,0.1945
0,0,0.1212
0,0,0.3237
0,0,0.2486
0,0,0.3123
0,0,0.0625
0,0,0.0762
0,0,0.1958
0,0,0.2447
1,3320.0175,0.5197
1,3830.8106,0.6919
0,0,0.2736
0,0,0.4119
0,0,0.085
0,0,0.4961
0,0,0.4105
0,0,0.2028
0,0,0.277
0,0,0.1672
0,0,0.1634
0,0,0.3246
0,0,0.1089
0,0,0.0485
0,0,0.0804
0,0,0.0148
1,4164.1415,0.8681
0,0,0.0297
0,0,0.0754
0,0,0.0686
0,0,0.0261
0,0,0.2128
1,3588.4167,0.616
0,0,0.4612
0,0,0.0513
0,0,0.3072
0,0,0.4275
0,0,0.0661
0,0,0.1619
0,0,0.0313
0,0,0.0476
0,0,0.0697
0,0,0.4381
0,0,0.3276
0,0,0.1292
0,0,0.2636
1,4218.4274,0.6109
0,0,0.4655
0,0,0.3549
0,0,0.1782
0,0,0.0454
0,0,0.0634
0,0,0.448
0,0,0.1277
0,0,0.0093
0,0,0.1907
0,0,0.108
0,0,0.0205
0,0,0.0267
1,3962.5308,0.6524
0,0,0.0318
0,0,0.1142
1,3882.8398,0.5899
0,0,0.2537
0,0,0.1433
0,0,0.4115
0,0,0.3743
1,3639.0057,0.5226
0,0,0.0472
1,3704.1891,0.5484
1,3745.7967,0.5224
1,3536.1334,0.6012
0,0,0.1034
0,0,0.3199
0,0,0.419
0,0,0.2854
0,0,0.1385
0,0,0.2698
1,3212.2236,0.6488
0,0,0.0921
0,0,0.0647
0,0,0.117
0,0,0.1883
0,0,0.1739
0,0,0.1897
0,0,0.1028
0,0,0.1226
0,0,0.1024
1,4505.1983,0.8733
0,0,0.4615
1,3876.2377,0.5166
0,0,0.0705
0,0,0.3066
1,4465.2543,0.6417
0,0,0.1459
0,0,0.3038
1,5263.8523,0.6067
0,0,0.2433
0,0,0.3127
0,0,0.2228
0,0,0.1814
0,0,0.2852
0,0,0.3013
0,0,0.3808
0,0,0.3186
1,3296.8887,0.5843
0,0,0.0221
0,0,0.3341
1,3735.3789,0.5103
1,3567.8258,0.7169
0,0,0.4422
0,0,0.1846
0,0,0.0767
0,0,0.463
0,0,0.0325
1,3706.0546,0.5057
0,0,0.1789
1,4159.8248,0.5142
0,0,0.1034
0,0,0.2683
0,0,0.2519
0,0,0.0474
0,0,0.2811
0,0,0.4976
0,0,0.4797
0,0,0.3567
0,0,0.1346
0,0,0.4824
0,0,0.0175
0,0,0.3106
1,4528.5105,0.717
0,0,0.3365
0,0,0.0466
1,3709.1159,0.8906
0,0,0.2133
0,0,0.1387
0,0,0.2683
0,0,0.1212
1,3782.801,0.5866
0,0,0.018
0,0,0.2603
1,3245.2659,0.6941
0,0,0.1581
0,0,0.2203
1,3876.1546,0.7242
0,0,0.4248
1,3597.9351,0.6198
0,0,0.2286
0,0,0.3846
0,0,0.2062
0,0,0.0606
0,0,0.0383
1,4343.0126,0.7653
0,0,0.1586
0,0,0.2735
0,0,0.2991
0,0,0.2164
1,3866.3877,0.5211
0,0,0.1533
0,0,0.0461
1,3006.0828,0.6307
1,4540.1426,0.5514
0,0,0.3389
1,3951.4142,0.612
0,0,0.0311
0,0,0.0443
0,0,0.124
0,0,0.0646
0,0,0.0587
0,0,0.2823
0,0,0.0368
0,0,0.1807
1,4329.4431,0.8329
1,3829.9229,0.7858
0,0,0.1006
1,3248.0646,0.613
0,0,0.3861
0,0,0.2278
0,0,0.0288
0,0,0.0871
1,3969.3856,0.6246
0,0,0.2405
0,0,0.1078
1,3149.7598,0.6047
0,0,0.1256
0,0,0.3981
0,0,0.1548
0,0,0.2931
0,0,0.0399
0,0,0.1952
0,0,0.1425
0,0,0.3056
1,5101.3201,0.5091
0,0,0.2089
0,0,0.1651
1,3553.0152,0.618
0,0,0.0128
0,0,0.2347
0,0,0.0293
0,0,0.0853
0,0,0.0895
0,0,0.2623
0,0,0.3135
0,0,0.3242
0,0,0.0542
0,0,0.4134
0,0,0.369
0,0,0.1616
0,0,0.0952
1,3426.7242,0.6389
0,0,0.2752
0,0,0.0663
0,0,0.1931
0,0,0.1982
0,0,0.0685
0,0,0.4122
0,0,0.0597
0,0,0.44
0,0,0.4
0,0,0.4523
0,0,0.381
0,0,0.1841
0,0,0.1457
0,0,0.0713
0,0,0.088
0,0,0.2388
0,0,0.0146
0,0,0.3036
0,0,0.0133
0,0,0.1355
0,0,0.104
1,3725.1688,0.7571
0,0,0.3141
0,0,0.0233
1,3684.2172,0.6501
0,0,0.2985
0,0,0.0164
0,0,0.3226
0,0,0.0106
0,0,0.1538
1,3493.2696,0.5163
1,4191.0886,0.6209
1,4133.7884,0.734
0,0,0.034
0,0,0.2372
0,0,0.3983
0,0,0.0829
0,0,0.2687
0,0,0.4988
0,0,0.3793
0,0,0.3509
0,0,0.0347
0,0,0.0208
0,0,0.0345
0,0,0.3468
1,4905.9406,0.7471
0,0,0.0607
0,0,0.052
0,0,0.1545
0,0,0.1556
0,0,0.0219
0,0,0.1553
0,0,0.0741
0,0,0.2178
0,0,0.0438
0,0,0.0317
0,0,0.1148
0,0,0.1386
1,4008.3812,0.6197
1,4612.1872,0.7483
0,0,0.0917
0,0,0.1398
0,0,0.3442
0,0,0.1322
0,0,0.4485
0,0,0.4897
0,0,0.3006
1,4389.4254,0.8035
0,0,0.0513
0,0,0.3192
0,0,0.045
0,0,0.014
0,0,0.0232
0,0,0.2794
0,0,0.0452
0,0,0.123
1,4093.6585,0.8272
1,3682.9125,0.5998
0,0,0.2333
0,0,0.2626
0,0,0.0654
1,3243.5056,0.7819
0,0,0.1023
0,0,0.0534
0,0,0.2087
0,0,0.0251
1,4075.6869,0.5547
1,3858.0286,0.8361
0,0,0.0416
1,3607.9663,0.5286
0,0,0.0495
0,0,0.213
0,0,0.2041
0,0,0.3644
1,3472.0163,0.756
1,3569.8462,0.5922
0,0,0.1416
0,0,0.4554
0,0,0.2427
1,4023.2617,0.6723
1,4205.005,0.5912
0,0,0.0873
0,0,0.131
0,0,0.282
0,0,0.1151
1,4366.0844,0.5854
0,0,0.3502
0,0,0.0639
0,0,0.4714
0,0,0.3936
0,0,0.272
0,0,0.2961
1,3870.7373,0.7441
0,0,0.1605
1,4763.1694,0.6038
0,0,0.0544
0,0,0.4095
0,0,0.2461
0,0,0.2029
0,0,0.2925
0,0,0.0736
0,0,0.1853
0,0,0.353
0,0,0.0278
0,0,0.1861
0,0,0.0792
1,4085.1629,0.6442
0,0,0.4027
0,0,0.3609
1,3806.1436,0.5053
0,0,0.2405
0,0,0.1415
0,0,0.2598
0,0,0.2645
0,0,0.1191
0,0,0.0573
0,0,0.0595
0,0,0.0317
0,0,0.0092
0,0,0.1098
0,0,0.0107
0,0,0.2349
0,0,0.2064
0,0,0.3058
0,0,0.0447
0,0,0.1805
0,0,0.2631
0,0,0.0199
0,0,0.1989
0,0,0.0312
0,0,0.0459
0,0,0.0615
0,0,0.3956
0,0,0.3825
0,0,0.0107
0,0,0.2326
0,0,0.0804
1,4138.776,0.8183
0,0,0.4498
0,0,0.0373
0,0,0.1172
0,0,0.0618
0,0,0.0549
0,0,0.4144
0,0,0.075
0,0,0.106
0,0,0.4033
0,0,0.06
0,0,0.4795
0,0,0.3451
0,0,0.0775
0,0,0.2271
0,0,0.3984
0,0,0.2549
0,0,0.4577
0,0,0.1055
1,4597.4599,0.9275
0,0,0.4187
0,0,0.3944
1,3953.4852,0.6035
0,0,0.1209
0,0,0.2609
0,0,0.2627
0,0,0.0864
0,0,0.087
0,0,0.0042
0,0,0.1286
0,0,0.1083
0,0,0.4951
0,0,0.1993
0,0,0.0525
1,4039.0389,0.5269
0,0,0.0805
1,3286.2155,0.777
0,0,0.0499
0,0,0.0683
0,0,0.0907
0,0,0.1394
1,3894.3203,0.7211
0,0,0.413
0,0,0.4266
0,0,0.1301
0,0,0.0088
0,0,0.3682
0,0,0.4873
1,3678.678,0.6362
1,3999.9863,0.5292
0,0,0.3453
0,0,0.2227
1,3629.596,0.6016
1,4196.2378,0.5486
0,0,0.2387
0,0,0.1711
0,0,0.1992
0,0,0.3477
0,0,0.3837
1,3995.3525,0.5924
0,0,0.1077
0,0,0.1359
0,0,0.1042
0,0,0.1658
0,0,0.3235
0,0,0.0166
0,0,0.0207
0,0,0.4015
0,0,0.0263
0,0,0.0448
0,0,0.4429
0,0,0.2108
1,4662.0382,0.6295
0,0,0.2256
0,0,0.1556
0,0,0.1334
0,0,0.2774
0,0,0.1978
1,4447.7291,0.7048
1,4138.4608,0.5236
0,0,0.0947
0,0,0.0353
1,3592.2521,0.5304
0,0,0.0255
0,0,0.3266
0,0,0.1436
0,0,0.1771
0,0,0.1285
0,0,0.1709
0,0,0.0955
1,4279.8293,0.5933
0,0,0.2384
0,0,0.26
0,0,0.222
0,0,0.2998
0,0,0.0441
0,0,0.0608
0,0,0.1999
0,0,0.4634
0,0,0.3847
0,0,0.313
0,0,0.1852
0,0,0.3631
0,0,0.0275
0,0,0.1014
1,3662.3551,0.7194
0,0,0.0065
0,0,0.1493
0,0,0.2112
0,0,0.4243
0,0,0.0369
0,0,0.2202
0,0,0.0655
0,0,0.4064
0,0,0.4576
0,0,0.3322
0,0,0.2236
0,0,0.199
1,3603.0346,0.501
0,0,0.3793
0,0,0.0764
0,0,0.2762
0,0,0.0475
0,0,0.2638
1,3087.0484,0.5379
1,3588.9379,0.5457
0,0,0.0519
1,3423.4997,0.5222
0,0,0.263
0,0,0.1157
0,0,0.3809
0,0,0.0381
0,0,0.154
0,0,0.4681
0,0,0.145
0,0,0.4346
0,0,0.0689
0,0,0.268
0,0,0.1059
0,0,0.0154
0,0,0.2948
0,0,0.254
0,0,0.2079
0,0,0.1766
0,0,0.0701
0,0,0.0266
0,0,0.3073
0,0,0.0833
0,0,0.4298
0,0,0.0737
0,0,0.3334
0,0,0.2965
0,0,0.2409
0,0,0.176
0,0,0.0541
0,0,0.3459
0,0,0.0387
0,0,0.0811
0,0,0.1207
0,0,0.3145
1,3969.8249,0.8272
0,0,0.1179
0,0,0.1164
0,0,0.1139
0,0,0.0453
0,0,0.4161
0,0,0.2537
0,0,0.0296
0,0,0.0386
0,0,0.0315
0,0,0.058
0,0,0.0577
0,0,0.1555
1,3593.3607,0.5105
0,0,0.0582
0,0,0.0581
0,0,0.0428
0,0,0.0318
0,0,0.1552
0,0,0.0499
0,0,0.0602
0,0,0.0733
0,0,0.1523
1,3299.3397,0.5688
0,0,0.4713
0,0,0.3912
0,0,0.0734
0,0,0.4023
0,0,0.4703
0,0,0.0434
0,0,0.0972
0,0,0.3177
0,0,0.2691
1,3482.0385,0.6549
0,0,0.3391
1,3637.2175,0.7035
0,0,0.1396
0,0,0.3274
0,0,0.4283
1,4044.4327,0.5841
0,0,0.124
0,0,0.0976
0,0,0.2915
0,0,0.1032
0,0,0.3059
1,3818.0519,0.5455
1,3448.963,0.6408
0,0,0.0559
0,0,0.3021
0,0,0.4026
0,0,0.3187
0,0,0.188
0,0,0.3767
0,0,0.2011
1,4118.568,0.777
0,0,0.4986
0,0,0.4476
1,3375.3898,0.5679
1,3933.2372,0.6661
0,0,0.3922
0,0,0.1784
0,0,0.441
0,0,0.0601
0,0,0.4016
0,0,0.4829
0,0,0.2905
1,3809.5987,0.5824
0,0,0.0369
0,0,0.3686
0,0,0.0839
0,0,0.355
0,0,0.1192
0,0,0.0237
0,0,0.2793
1,4320.9697,0.7865
0,0,0.0515
0,0,0.3637
0,0,0.2119
0,0,0.4111
0,0,0.0758
0,0,0.1758
0,0,0.2825
0,0,0.0694
0,0,0.0771
0,0,0.1764
0,0,0.3745
0,0,0.2534
0,0,0.1512
0,0,0.2703
0,0,0.1079
1,3526.319,0.6558
1,4074.0821,0.5868
0,0,0.4134
0,0,0.0961
0,0,0.0521
0,0,0.0633
0,0,0.3889
0,0,0.0434
0,0,0.1115
0,0,0.1831
0,0,0.209
0,0,0.0415
0,0,0.2868
0,0,0.4218
0,0,0.0477
0,0,0.0481
0,0,0.027
0,0,0.3012
0,0,0.2566
0,0,0.0232
1,4291.5167,0.5267
1,4554.7917,0.5255
0,0,0.2911
1,3081.1595,0.5377
0,0,0.259
0,0,0.4801
0,0,0.4538
1,3173.3223,0.5776
0,0,0.2636
0,0,0.2756
0,0,0.0478
0,0,0.0111
0,0,0.1659
0,0,0.1088
0,0,0.0727
0,0,0.4651
0,0,0.0218
0,0,0.0762
0,0,0.1231
0,0,0.2503
0,0,0.1581
0,0,0.0375
0,0,0.3165
0,0,0.1252
0,0,0.1053
0,0,0.2471
0,0,0.0474
0,0,0.045
0,0,0.0435
0,0,0.4152
0,0,0.2937
1,4182.9262,0.6566
1,3805.9418,0.6948
1,4378.9708,0.5424
0,0,0.1607
0,0,0.0961
0,0,0.2359
0,0,0.4688
0,0,0.0039
0,0,0.0531
0,0,0.1379
1,3810.6711,0.7818
0,0,0.1516
0,0,0.128
1,4069.4849,0.5832
0,0,0.2543
0,0,0.0903
0,0,0.2688
0,0,0.1274
1,3692.5501,0.6905
0,0,0.1257
0,0,0.022
1,3749.6544,0.646
0,0,0.0638
1,4248.1632,0.5624
0,0,0.1472
1,4158.6423,0.8558
1,3150.4149,0.5013
0,0,0.2722
0,0,0.0466
0,0,0.129
0,0,0.0134
0,0,0.377
0,0,0.453
0,0,0.1799
0,0,0.1297
0,0,0.0482
1,3855.8343,0.5336
0,0,0.3141
1,4705.3406,0.68
0,0,0.0441
0,0,0.0818
0,0,0.1612
0,0,0.3548
0,0,0.1394
0,0,0.0397
0,0,0.0426
0,0,0.0757
0,0,0.3069
0,0,0.2894
0,0,0.037
0,0,0.4632
0,0,0.3489
0,0,0.0723
0,0,0.1242
1,4565.6276,0.668
0,0,0.0041
0,0,0.0423
0,0,0.1666
1,4102.3,0.5667
0,0,0.0792
0,0,0.4253
1,3519.2054,0.513
1,4158.3697,0.6569
0,0,0.1291
0,0,0.0356
0,0,0.2004
0,0,0.0614
0,0,0.4251
1,4769.4543,0.7178
1,3930.3854,0.5774
0,0,0.203
0,0,0.3254
0,0,0.208
0,0,0.0793
0,0,0.1123
0,0,0.116
0,0,0.0589
0,0,0.0387
0,0,0.1749
0,0,0.031
1,3687.6145,0.6963
0,0,0.0198
0,0,0.2139
1,3967.6407,0.9099
0,0,0.0237
0,0,0.4645
0,0,0.3861
0,0,0.4659
0,0,0.1092
0,0,0.3335
0,0,0.4526
0,0,0.3451
1,4066.5382,0.7463
0,0,0.0878
0,0,0.4514
0,0,0.2249
0,0,0.4737
0,0,0.0893
0,0,0.2552
0,0,0.2412
0,0,0.0991
0,0,0.4489
0,0,0.0487
0,0,0.2306
0,0,0.3207
1,3831.9675,0.5556
0,0,0.0605
0,0,0.489
0,0,0.2384
0,0,0.2123
0,0,0.3631
0,0,0.0376
0,0,0.4802
0,0,0.3629
0,0,0.405
0,0,0.101
0,0,0.0885
1,3820.8216,0.675
0,0,0.2561
0,0,0.306
0,0,0.1008
0,0,0.1346
1,4425.3044,0.6797
0,0,0.0981
0,0,0.036
0,0,0.4778
0,0,0.0111
0,0,0.2996
0,0,0.3468
0,0,0.0879
0,0,0.113
0,0,0.3169
0,0,0.0883
0,0,0.0831
1,3666.6241,0.6812
0,0,0.4432
1,3617.7609,0.5851
1,3554.0794,0.5613
0,0,0.3852
0,0,0.0605
0,0,0.3465
1,4113.0452,0.5755
0,0,0.1479
0,0,0.0148
0,0,0.2331
0,0,0.0857
0,0,0.39
0,0,0.2152
0,0,0.2278
0,0,0.0395
0,0,0.2295
0,0,0.1532
0,0,0.3555
1,5077.6424,0.5963
1,4107.9384,0.569
0,0,0.1452
0,0,0.453
0,0,0.0222
0,0,0.1328
0,0,0.3294
0,0,0.3804
0,0,0.108
0,0,0.3306
0,0,0.1183
0,0,0.1399
0,0,0.0385
0,0,0.0592
0,0,0.4046
0,0,0.1443
0,0,0.4532
0,0,0.2941
0,0,0.0308
0,0,0.1749
0,0,0.0366
1,4423.5887,0.5384
0,0,0.4026
1,4079.3369,0.5395
1,3621.9364,0.7121
0,0,0.4688
0,0,0.0624
0,0,0.1961
0,0,0.0242
0,0,0.0731
0,0,0.0744
0,0,0.2304
0,0,0.1436
0,0,0.2861
0,0,0.0521
0,0,0.041
0,0,0.0987
0,0,0.1222
0,0,0.2217
0,0,0.216
0,0,0.3525
1,3504.2187,0.5381
0,0,0.037
1,3133.2101,0.7435
0,0,0.0438
0,0,0.337
0,0,0.4244
0,0,0.475
0,0,0.2813
0,0,0.4507
1,4008.7908,0.5111
1,3341.0311,0.7479
0,0,0.0201
0,0,0.442
0,0,0.0745
0,0,0.3371
0,0,0.017
1,3300.251,0.5977
1,3915.8734,0.5521
0,0,0.1981
1,3309.4933,0.765
0,0,0.4882
0,0,0.0526
0,0,0.0826
0,0,0.1811
0,0,0.0749
0,0,0.1756
0,0,0.041
1,3388.48,0.5493
0,0,0.232
0,0,0.1517
0,0,0.3041
1,4341.3007,0.7083
0,0,0.1557
0,0,0.0189
0,0,0.023
0,0,0.0485
1,3775.4793,0.6937
0,0,0.0445
1,4112.2454,0.6863
1,3922.1675,0.6036
0,0,0.0769
0,0,0.3299
1,3335.4226,0.585
1,4969.2577,0.8129
0,0,0.0276
0,0,0.255
0,0,0.1991
0,0,0.0132
0,0,0.1485
0,0,0.0235
0,0,0.1799
0,0,0.3823
0,0,0.2678
0,0,0.1369
0,0,0.2066
0,0,0.0745
0,0,0.3648
1,3205.0065,0.7967
0,0,0.0194
0,0,0.1208
1,3563.425,0.5155
0,0,0.4682
0,0,0.3529
0,0,0.2757
0,0,0.0667
0,0,0.2293
0,0,0.0844
0,0,0.3949
1,3629.8313,0.6663
0,0,0.2057
0,0,0.2388
0,0,0.2411
0,0,0.203
0,0,0.0043
0,0,0.3151
1,4023.8461,0.8389
0,0,0.4692
0,0,0.1841
0,0,0.4158
1,3758.7722,0.5392
0,0,0.0339
0,0,0.1281
0,0,0.0611
0,0,0.3523
1,4619.2942,0.6782
0,0,0.0488
0,0,0.0466
0,0,0.2022
0,0,0.136
0,0,0.0641
1,3587.4281,0.7231
0,0,0.0766
1,3227.2547,0.5436
0,0,0.0427
0,0,0.1046
0,0,0.1483
0,0,0.0862
0,0,0.2831
0,0,0.1005
0,0,0.1505
0,0,0.3482
0,0,0.408
1,3382.5599,0.5792
0,0,0.0789
0,0,0.2025
1,4160.0421,0.7541
0,0,0.1731
0,0,0.4792
0,0,0.4215
1,4200.1767,0.7993
0,0,0.1749
0,0,0.3287
1,3479.0527,0.7465
0,0,0.2937
0,0,0.0567
0,0,0.2473
0,0,0.228
0,0,0.0227
0,0,0.0969
0,0,0.1034
0,0,0.1921
0,0,0.2083
0,0,0.0513
0,0,0.4695
0,0,0.1009
0,0,0.4325
0,0,0.3725
0,0,0.0258
0,0,0.4718
0,0,0.4572
1,3845.1392,0.5366
1,4146.1501,0.5625
0,0,0.0465
0,0,0.1327
0,0,0.2738
0,0,0.0218
0,0,0.2812
1,4011.7246,0.7215
0,0,0.0432
1,3445.5764,0.8024
0,0,0.1624
0,0,0.2618
1,3785.7111,0.8451
0,0,0.045
0,0,0.0721
0,0,0.0812
0,0,0.185
0,0,0.2116
0,0,0.3325
0,0,0.1009
0,0,0.0201
1,3422.4936,0.5728
0,0,0.2136
0,0,0.0287
0,0,0.1195
0,0,0.0315
0,0,0.4342
0,0,0.3543
0,0,0.1765
0,0,0.249
0,0,0.2164
0,0,0.2721
0,0,0.1604
0,0,0.0321
1,3146.8857,0.6116
0,0,0.1301
0,0,0.1903
0,0,0.4193
0,0,0.0325
0,0,0.2509
1,5306.8661,0.5882
0,0,0.0245
0,0,0.0564
0,0,0.0179
1,4281.0639,0.5524
0,0,0.3451
0,0,0.0831
0,0,0.1031
0,0,0.0384
0,0,0.2433
1,4365.4414,0.6812
0,0,0.3356
1,3775.4793,0.6697
0,0,0.023
0,0,0.0287
0,0,0.0757
0,0,0.3052
1,4406.6667,0.5887
0,0,0.0999
0,0,0.2542
0,0,0.3761
1,4394.8164,0.6829
0,0,0.0369
0,0,0.0078
0,0,0.0201
1,4000.7566,0.7112
0,0,0.1065
0,0,0.0506
0,0,0.3067
0,0,0.0072
0,0,0.0173
0,0,0.2551
0,0,0.15
1,4803.7731,0.7023
0,0,0.3736
0,0,0.0069
0,0,0.0401
0,0,0.0576
0,0,0.1505
1,4528.7495,0.721
0,0,0.0331
0,0,0.3582
0,0,0.2356
0,0,0.081
1,4000.3164,0.721
0,0,0.0345
0,0,0.4177
0,0,0.2296
0,0,0.2055
0,0,0.3059
0,0,0.0283
1,3408.7356,0.751
0,0,0.0775
0,0,0.2756
0,0,0.4459
0,0,0.04
0,0,0.4481
0,0,0.1178
0,0,0.2715
0,0,0.2598
0,0,0.3722
0,0,0.2944
0,0,0.1184
0,0,0.0267
0,0,0.3682
0,0,0.1455
0,0,0.2363
0,0,0.0965
1,3862.3061,0.7251
0,0,0.2341
0,0,0.3231
0,0,0.3962
0,0,0.4962
0,0,0.2169
1,3723.9907,0.5611
0,0,0.2492
0,0,0.1803
0,0,0.175
1,4150.8437,0.7339
0,0,0.3072
0,0,0.0077
0,0,0.4763
0,0,0.3663
0,0,0.0902
0,0,0.3432
0,0,0.2272
1,3599.1206,0.6082
0,0,0.4115
0,0,0.0564
0,0,0.1196
0,0,0.0554
0,0,0.1973
0,0,0.0217
0,0,0.0916
1,5701.2705,0.5953
0,0,0.447
0,0,0.0552
1,3544.987,0.7284
0,0,0.4903
0,0,0.2038
1,4183.538,0.8218
0,0,0.1984
0,0,0.0356
0,0,0.0332
0,0,0.1851
0,0,0.0324
0,0,0.074
1,4004.7089,0.7996
0,0,0.177
0,0,0.3773
1,3513.086,0.6779
0,0,0.0266
0,0,0.0648
1,4154.0485,0.5066
0,0,0.1211
0,0,0.4071
0,0,0.0142
0,0,0.2655
0,0,0.0727
0,0,0.117
0,0,0.0867
0,0,0.0821
0,0,0.3336
0,0,0.3255
0,0,0.1646
0,0,0.0219
0,0,0.301
0,0,0.2654
0,0,0.097
1,3727.7483,0.504
0,0,0.0303
0,0,0.1466
1,4723.738,0.6575
0,0,0.0378
0,0,0.193
0,0,0.3804
0,0,0.0397
0,0,0.2824
0,0,0.1266
1,3390.7337,0.5707
0,0,0.1494
0,0,0.2342
0,0,0.0556
0,0,0.0096
0,0,0.147
0,0,0.3798
0,0,0.066
0,0,0.2184
0,0,0.0098
0,0,0.0457
1,4542.7351,0.6011
0,0,0.0975
0,0,0.0565
0,0,0.2302
1,3852.8114,0.5498
1,3300.283,0.7022
0,0,0.34
1,4916.8057,0.5631
0,0,0.2541
0,0,0.0498
0,0,0.0263
0,0,0.3315
0,0,0.1834
0,0,0.3489
0,0,0.3149
0,0,0.2439
0,0,0.0482
0,0,0.1899
1,4653.2408,0.5137
1,3753.4948,0.6833
0,0,0.4541
0,0,0.025
0,0,0.2859
0,0,0.0453
0,0,0.0636
0,0,0.0903
0,0,0.0292
0,0,0.4
1,3382.9309,0.7491
0,0,0.4972
0,0,0.0471
1,3155.2771,0.5307
0,0,0.1028
0,0,0.1298
0,0,0.214
0,0,0.462
0,0,0.3294
0,0,0.2903
0,0,0.2702
0,0,0.1322
1,3899.0022,0.7264
0,0,0.4924
0,0,0.369
0,0,0.3411
0,0,0.0944
0,0,0.1823
0,0,0.0941
1,3785.5419,0.6143
0,0,0.0973
0,0,0.2464
0,0,0.0416
0,0,0.1519
0,0,0.014
0,0,0.0236
0,0,0.1072
0,0,0.0293
0,0,0.3358
0,0,0.0898
0,0,0.014
1,4484.0638,0.8461
1,3379.2707,0.5031
0,0,0.0885
0,0,0.3291
1,4396.5031,0.8346
0,0,0.0331
0,0,0.2214
0,0,0.4317
0,0,0.059
0,0,0.3845
0,0,0.0174
0,0,0.0769
0,0,0.2521
0,0,0.1002
0,0,0.3916
0,0,0.4164
1,3573.3563,0.572
0,0,0.1039
0,0,0.0244
0,0,0.057
1,3678.3933,0.7535
1,4350.7068,0.5238
0,0,0.0716
0,0,0.1937
1,3775.491,0.6153
0,0,0.4364
0,0,0.3358
0,0,0.1871
0,0,0.0761
0,0,0.1078
0,0,0.2731
0,0,0.2458
0,0,0.0412
0,0,0.0413
0,0,0.1191
1,3827.3697,0.7295
0,0,0.0383
0,0,0.0806
0,0,0.0486
0,0,0.0086
0,0,0.1381
0,0,0.0213
0,0,0.3943
0,0,0.2099
0,0,0.3673
0,0,0.035
0,0,0.0794
0,0,0.1635
0,0,0.4306
0,0,0.2401
0,0,0.1224
0,0,0.0824
0,0,0.2272
0,0,0.3456
0,0,0.0075
1,3494.8746,0.5728
0,0,0.2058
0,0,0.1387
0,0,0.0563
0,0,0.4698
0,0,0.0105
0,0,0.4346
0,0,0.2598
1,4041.0081,0.507
0,0,0.2989
0,0,0.1416
0,0,0.2945
1,3931.4035,0.7043
0,0,0.2011
0,0,0.1823
1,3343.3203,0.6481
0,0,0.1258
0,0,0.0512
1,4238.9828,0.6959
0,0,0.318
0,0,0.1077
0,0,0.0271
0,0,0.0225
0,0,0.0441
0,0,0.0201
0,0,0.4255
0,0,0.29
1,3715.2353,0.7824
0,0,0.1198
0,0,0.3558
1,3548.7574,0.6143
0,0,0.2852
0,0,0.254
0,0,0.2027
0,0,0.0371
0,0,0.1545
0,0,0.0628
0,0,0.2602
0,0,0.3224
0,0,0.3922
0,0,0.0322
0,0,0.4744
0,0,0.2523
0,0,0.0614
0,0,0.3517
0,0,0.0743
0,0,0.1356
0,0,0.3293
0,0,0.0122
0,0,0.3893
0,0,0.184
0,0,0.4245
1,4006.3169,0.6094
1,3679.9968,0.6838
0,0,0.4023
0,0,0.4951
0,0,0.0324
0,0,0.053
0,0,0.4657
0,0,0.3596
0,0,0.1422
0,0,0.363
1,3906.4216,0.6653
1,3990.1349,0.6989
0,0,0.0515
0,0,0.3554
0,0,0.0893
0,0,0.4942
1,4085.5342,0.5983
0,0,0.2173
0,0,0.0789
0,0,0.305
0,0,0.1047
0,0,0.1901
0,0,0.2896
0,0,0.1399
0,0,0.1121
1,3814.9204,0.6106
0,0,0.2891
0,0,0.0863
0,0,0.1465
0,0,0.0326
0,0,0.4318
0,0,0.2119
0,0,0.132
1,5015.1913,0.6066
0,0,0.322
0,0,0.4398
1,4772.5392,0.8161
0,0,0.1793
0,0,0.1386
0,0,0.2266
0,0,0.2285
0,0,0.4262
1,4002.1092,0.6045
0,0,0.0676
0,0,0.0252
0,0,0.4477
0,0,0.0516
0,0,0.3887
0,0,0.348
0,0,0.0523
0,0,0.1274
0,0,0.2809
0,0,0.2915
0,0,0.0238
0,0,0.2369
0,0,0.064
0,0,0.0958
0,0,0.0437
0,0,0.0263
0,0,0.3301
0,0,0.0212
0,0,0.4316
0,0,0.3927
1,4141.4137,0.7536
0,0,0.0811
0,0,0.1179
0,0,0.0931
0,0,0.1626
0,0,0.297
0,0,0.1817
0,0,0.1395
0,0,0.3979
0,0,0.473
0,0,0.2844
0,0,0.3107
1,3802.6106,0.5233
0,0,0.2289
1,4841.7313,0.7929
0,0,0.0134
0,0,0.0718
0,0,0.1843
1,3711.366,0.8115
0,0,0.4081
0,0,0.1163
0,0,0.072
0,0,0.4589
0,0,0.3312
1,3435.5687,0.596
0,0,0.1248
1,3767.4359,0.5381
0,0,0.284
0,0,0.3467
1,3533.7246,0.5986
0,0,0.04
1,4576.2567,0.6258
0,0,0.1825
0,0,0.2313
0,0,0.2296
0,0,0.3051
0,0,0.0545
0,0,0.1492
1,4142.9415,0.8081
0,0,0.1488
1,3700.7266,0.6927
0,0,0.1082
0,0,0.4137
0,0,0.1738
0,0,0.2658
1,3942.9912,0.5394
0,0,0.3113
0,0,0.2356
0,0,0.2788
0,0,0.0526
0,0,0.2695
0,0,0.2055
0,0,0.1742
0,0,0.3386
0,0,0.0191
0,0,0.2574
0,0,0.2046
0,0,0.0365
1,3590.5746,0.5725
0,0,0.1813
0,0,0.0094
0,0,0.2394
0,0,0.0295
0,0,0.4761
0,0,0.3729
0,0,0.0047
0,0,0.0924
0,0,0.1895
0,0,0.1003
1,3290.2696,0.5511
1,4848.877,0.5996
1,3160.9943,0.5925
1,3882.1109,0.6519
1,4701.6351,0.8637
0,0,0.0184
0,0,0.3068
0,0,0.2871
1,3908.4368,0.8108
0,0,0.1381
1,3469.9475,0.6489
0,0,0.306
1,3895.7391,0.7142
0,0,0.1771
0,0,0.0373
0,0,0.2598
0,0,0.0544
0,0,0.048
0,0,0.1721
0,0,0.2515
0,0,0.0782
1,3565.2117,0.7793
1,3827.9495,0.5844
0,0,0.2808
0,0,0.4816
0,0,0.1879
0,0,0.0415
0,0,0.4177
0,0,0.0142
0,0,0.0552
0,0,0.0569
0,0,0.0793
0,0,0.0327
0,0,0.4273
0,0,0.2782
1,3227.3286,0.559
0,0,0.1558
1,3847.3904,0.5224
1,3925.9754,0.8456
0,0,0.0523
0,0,0.479
0,0,0.0263
0,0,0.0671
0,0,0.3231
0,0,0.2073
0,0,0.1258
1,4182.5468,0.6242
0,0,0.2202
1,3993.8669,0.7701
0,0,0.0669
0,0,0.3435
0,0,0.0114
0,0,0.4204
0,0,0.1742
0,0,0.3097
0,0,0.0319
0,0,0.0783
0,0,0.0649
0,0,0.2854
0,0,0.0704
0,0,0.3621
0,0,0.3832
0,0,0.262
0,0,0.3128
0,0,0.4494
0,0,0.0033
0,0,0.1166
0,0,0.2634
1,3627.8375,0.7264
0,0,0.3854
0,0,0.4388
0,0,0.0532
0,0,0.0216
0,0,0.4225
0,0,0.1379
0,0,0.0751
1,3725.1811,0.5026
0,0,0.0959
0,0,0.2861
0,0,0.0412
1,4058.4306,0.8704
0,0,0.1841
0,0,0.0374
0,0,0.0399
0,0,0.3336
0,0,0.1673
0,0,0.1697
0,0,0.2603
0,0,0.436
0,0,0.2437
0,0,0.1756
0,0,0.2472
0,0,0.1755
1,3386.7739,0.6062
0,0,0.0462
0,0,0.1312
0,0,0.1159
1,3499.1169,0.5224
0,0,0.2125
0,0,0.1275
1,4360.3389,0.6092
0,0,0.0417
0,0,0.1871
0,0,0.0745
0,0,0.298
1,3594.6209,0.7509
0,0,0.0538
0,0,0.2722
0,0,0.0992
0,0,0.1108
0,0,0.0155
0,0,0.1179
0,0,0.2882
1,4017.2471,0.783
0,0,0.3371
0,0,0.0503
0,0,0.4961
0,0,0.3778
1,3864.6167,0.5186
0,0,0.3096
0,0,0.1716
0,0,0.0881
0,0,0.3073
0,0,0.2822
0,0,0.234
0,0,0.0829
0,0,0.1902
0,0,0.0205
1,3780.0046,0.7809
0,0,0.3638
0,0,0.0764
0,0,0.1901
0,0,0.2786
0,0,0.1845
0,0,0.2287
0,0,0.4212
0,0,0.0248
0,0,0.1983
0,0,0.0485
0,0,0.3139
0,0,0.4046
0,0,0.1342
0,0,0.1224
0,0,0.2642
0,0,0.1394
0,0,0.3667
1,3739.205,0.6906
1,4197.0204,0.6412
0,0,0.1796
0,0,0.1559
0,0,0.132
0,0,0.0752
1,3975.8455,0.5412
0,0,0.3285
0,0,0.4286
0,0,0.0803
0,0,0.0389
0,0,0.1471
0,0,0.2556
0,0,0.2969
0,0,0.0453
0,0,0.126
0,0,0.0315
0,0,0.3138
0,0,0.3132
1,3669.0651,0.7805
0,0,0.2912
0,0,0.4824
0,0,0.0074
0,0,0.2702
0,0,0.2486
0,0,0.0728
0,0,0.1358
0,0,0.1054
0,0,0.4055
0,0,0.1725
0,0,0.1058
1,4566.573,0.8385
0,0,0.0688
1,3625.6627,0.7048
0,0,0.0502
0,0,0.0827
0,0,0.3152
0,0,0.1715
0,0,0.0545
0,0,0.0755
0,0,0.1322
0,0,0.0971
0,0,0.3183
0,0,0.1073
0,0,0.2687
0,0,0.2331
0,0,0.2724
0,0,0.0057
0,0,0.0167
0,0,0.3455
0,0,0.0685
0,0,0.2106
0,0,0.1217
0,0,0.04
0,0,0.3104
0,0,0.0187
0,0,0.1305
0,0,0.2511
0,0,0.3692
0,0,0.1874
0,0,0.0671
0,0,0.042
0,0,0.3677
0,0,0.4196
1,4074.175,0.5794
0,0,0.2808
0,0,0.0527
0,0,0.0418
0,0,0.3381
0,0,0.149
0,0,0.0207
1,3925.8044,0.6999
0,0,0.3349
0,0,0.4555
0,0,0.1276
0,0,0.0873
0,0,0.0526
0,0,0.1607
0,0,0.4248
0,0,0.2522
0,0,0.1602
0,0,0.0786
0,0,0.3613
0,0,0.2898
0,0,0.0671
0,0,0.3181
0,0,0.0225
0,0,0.0207
0,0,0.3273
0,0,0.1779
0,0,0.2538
0,0,0.2008
0,0,0.1608
1,3499.8408,0.6346
0,0,0.2996
0,0,0.3844
0,0,0.0361
0,0,0.2969
0,0,0.2073
0,0,0.0306
0,0,0.0178
0,0,0.2085
0,0,0.4458
1,4153.5686,0.7547
0,0,0.3404
0,0,0.367
0,0,0.0685
0,0,0.2818
0,0,0.4659
0,0,0.4744
0,0,0.1118
0,0,0.0336
0,0,0.0509
0,0,0.2311
0,0,0.0273
0,0,0.3792
0,0,0.0993
0,0,0.1163
0,0,0.34
0,0,0.0065
0,0,0.2022
0,0,0.1432
0,0,0.0159
0,0,0.1624
0,0,0.0094
0,0,0.2569
0,0,0.4191
1,3948.2771,0.7254
0,0,0.1297
0,0,0.4875
0,0,0.2846
0,0,0.0255
0,0,0.1063
0,0,0.1096
0,0,0.0636
0,0,0.0715
0,0,0.1226
0,0,0.0462
0,0,0.0171
0,0,0.2859
1,3482.9489,0.6053
0,0,0.0677
1,3096.4704,0.7463
0,0,0.0371
0,0,0.3272
0,0,0.1772
1,3636.1816,0.5203
0,0,0.4189
0,0,0.1877
0,0,0.3192
0,0,0.0871
0,0,0.1349
0,0,0.2975
0,0,0.3356
1,5270.628,0.6984
0,0,0.4077
0,0,0.3142
0,0,0.3961
0,0,0.2406
0,0,0.0372
0,0,0.1675
0,0,0.463
0,0,0.0165
0,0,0.0208
0,0,0.044
0,0,0.0552
0,0,0.473
1,4103.0926,0.655
0,0,0.0569
0,0,0.3148
0,0,0.0091
0,0,0.3474
0,0,0.3764
0,0,0.1437
0,0,0.1622
0,0,0.4545
0,0,0.1764
0,0,0.0766
0,0,0.1711
0,0,0.2613
0,0,0.2643
0,0,0.1572
0,0,0.0832
0,0,0.4267
0,0,0.0245
1,3525.0146,0.7052
1,4054.4244,0.6357
1,4113.4854,0.5819
0,0,0.1258
0,0,0.1412
0,0,0.3376
1,4551.8399,0.7789
0,0,0.4584
0,0,0.0811
1,3716.7208,0.55
0,0,0.4871
1,3637.3209,0.7128
0,0,0.0219
1,3814.0116,0.6707
0,0,0.1518
0,0,0.4675
0,0,0.0376
0,0,0.2816
0,0,0.4173
0,0,0.4505
0,0,0.0982
1,3663.1022,0.9112
0,0,0.0318
0,0,0.1683
0,0,0.4524
0,0,0.0751
1,3608.1308,0.7619
1,3862.1931,0.5184
0,0,0.0548
0,0,0.0236
0,0,0.181
0,0,0.393
0,0,0.2497
0,0,0.2675
0,0,0.0526
0,0,0.1595
0,0,0.1383
0,0,0.1628
1,3408.687,0.6558
0,0,0.1163
0,0,0.1466
0,0,0.0205
0,0,0.1168
1,3906.2803,0.5973
0,0,0.396
0,0,0.1705
0,0,0.0694
1,3775.634,0.6241
0,0,0.092
0,0,0.0681
0,0,0.0162
0,0,0.2086
0,0,0.3114
0,0,0.0371
0,0,0.0636
0,0,0.0617
1,3985.9462,0.5056
0,0,0.2619
0,0,0.2692
0,0,0.3404
0,0,0.2552
0,0,0.3541
0,0,0.0885
1,3597.0416,0.5516
0,0,0.0326
0,0,0.2703
0,0,0.3161
0,0,0.0579
0,0,0.0859
0,0,0.2505
0,0,0.2813
0,0,0.4437
0,0,0.235
0,0,0.3022
0,0,0.0671
0,0,0.3693
1,3808.0766,0.8829
0,0,0.2881
0,0,0.0111
0,0,0.1277
0,0,0.3516
0,0,0.4618
0,0,0.3639
0,0,0.0278
0,0,0.0895
1,4517.8029,0.6423
0,0,0.2178
0,0,0.2619
1,4258.441,0.8875
0,0,0.0319
0,0,0.392
0,0,0.264
0,0,0.0223
0,0,0.035
0,0,0.0522
0,0,0.3113
1,3977.8598,0.5257
0,0,0.0607
1,3531.7668,0.5091
0,0,0.1355
0,0,0.0315
0,0,0.4575
0,0,0.1582
0,0,0.3935
1,3993.6718,0.657
0,0,0.2284
0,0,0.3771
1,4802.6333,0.6605
1,3261.808,0.5752
1,3311.1282,0.5655
0,0,0.3575
1,3566.3492,0.8621
0,0,0.2218
0,0,0.0256
0,0,0.1988
1,3906.0608,0.5826
0,0,0.0074
0,0,0.3011
0,0,0.0297
1,3886.0844,0.7853
0,0,0.0833
0,0,0.4854
0,0,0.021
0,0,0.0994
0,0,0.0286
0,0,0.4227
0,0,0.2756
1,3384.8161,0.9402
0,0,0.2062
0,0,0.0488
0,0,0.222
1,4332.7054,0.6904
0,0,0.2721
0,0,0.2871
0,0,0.0376
0,0,0.3156
0,0,0.1198
0,0,0.0535
0,0,0.0322
0,0,0.1782
0,0,0.2272
0,0,0.161
0,0,0.2326
0,0,0.3838
0,0,0.0221
0,0,0.2525
0,0,0.0232
0,0,0.0086
0,0,0.2811
0,0,0.1392
